{
  "IcoMoonType": "selection",
  "icons": [
    {
      "icon": {
        "paths": [
          "M0 512c0 282.77 229.23 512 512 512s512-229.23 512-512-229.23-512-512-512-512 229.23-512 512zM928 512c0 229.75-186.25 416-416 416s-416-186.25-416-416 186.25-416 416-416 416 186.25 416 416z",
          "M706.744 669.256l90.512-90.512-285.256-285.254-285.254 285.256 90.508 90.508 194.746-194.744z"
        ],
        "tags": [
          "circle-up",
          "up",
          "circle-top",
          "arrow"
        ],
        "defaultCode": 59969,
        "grid": 16,
        "attrs": []
      },
      "attrs": [],
      "properties": {
        "ligatures": "circle-up, up3",
        "name": "circle-up",
        "order": 12,
        "id": 322,
        "prevSize": 32,
        "code": 59969
      },
      "setIdx": 0,
      "setId": 1,
      "iconIdx": 321
    },
    {
      "icon": {
        "paths": [
          "M873 148.8c-95.8-96-223.2-148.8-359-148.8-279.6 0-507.2 227.6-507.2 507.4 0 89.4 23.4 176.8 67.8 253.6l-72 263 269-70.6c74.2 40.4 157.6 61.8 242.4 61.8h0.2c0 0 0 0 0 0 279.6 0 507.4-227.6 507.4-507.4 0-135.6-52.8-263-148.6-359zM514.2 929.6v0c-75.8 0-150-20.4-214.8-58.8l-15.4-9.2-159.6 41.8 42.6-155.6-10-16c-42.4-67-64.6-144.6-64.6-224.4 0-232.6 189.2-421.8 422-421.8 112.6 0 218.6 44 298.2 123.6 79.6 79.8 123.4 185.6 123.4 298.4-0.2 232.8-189.4 422-421.8 422zM745.4 613.6c-12.6-6.4-75-37-86.6-41.2s-20-6.4-28.6 6.4c-8.4 12.6-32.8 41.2-40.2 49.8-7.4 8.4-14.8 9.6-27.4 3.2s-53.6-19.8-102-63c-37.6-33.6-63.2-75.2-70.6-87.8s-0.8-19.6 5.6-25.8c5.8-5.6 12.6-14.8 19-22.2s8.4-12.6 12.6-21.2c4.2-8.4 2.2-15.8-1-22.2s-28.6-68.8-39-94.2c-10.2-24.8-20.8-21.4-28.6-21.8-7.4-0.4-15.8-0.4-24.2-0.4s-22.2 3.2-33.8 15.8c-11.6 12.6-44.4 43.4-44.4 105.8s45.4 122.6 51.8 131.2c6.4 8.4 89.4 136.6 216.6 191.4 30.2 13 53.8 20.8 72.2 26.8 30.4 9.6 58 8.2 79.8 5 24.4-3.6 75-30.6 85.6-60.2s10.6-55 7.4-60.2c-3-5.6-11.4-8.8-24.2-15.2z"
        ],
        "tags": [
          "whatsapp",
          "brand",
          "social"
        ],
        "defaultCode": 60051,
        "grid": 16,
        "attrs": []
      },
      "attrs": [],
      "properties": {
        "name": "whatsapp",
        "ligatures": "whatsapp, brand13",
        "order": 3,
        "id": 404,
        "prevSize": 32,
        "code": 60051
      },
      "setIdx": 0,
      "setId": 1,
      "iconIdx": 403
    }
  ],
  "height": 1024,
  "preferences": {
    "showGlyphs": true,
    "showQuickUse": true,
    "showQuickUse2": true,
    "showSVGs": true,
    "fontPref": {
      "prefix": "icon-",
      "metadata": {
        "fontFamily": "icomoon"
      },
      "metrics": {
        "emSize": 1024,
        "baseline": 6.25,
        "whitespace": 50
      },
      "embed": false
    },
    "imagePref": {
      "prefix": "icon-",
      "png": true,
      "useClassSelector": true,
      "color": 0,
      "bgColor": 16777215,
      "classSelector": ".icon",
      "name": "icomoon",
      "autoHost": true
    },
    "historySize": 50,
    "showCodes": true,
    "gridSize": 16,
    "quickUsageToken": {
      "UntitledProject": "YjYyNmVmNDI2YWM2NDMzYjI0NTczYmNjZGQ3NmZiODgjMSMxNjI4NjAxNDQ1IyMj"
    }
  }
}